"id"	"name"	"danceability"	"energy"	"key"	"loudness"	"mode"	"speechiness"	"acousticness"	"instrumentalness"	"liveness"	"valence"	"tempo"	"type"	"uri"	"track_href"	"analysis_url"	"duration_ms"	"time_signature"	"popularity"
"1"	"7lUA4P03AhwAw40JHkdyGr"	"Pretty Hurts"	0.512	0.625	11	-6.764	1	0.0508	0.00308	0.000164	0.346	0.201	129.935	"audio_features"	"spotify:track:7lUA4P03AhwAw40JHkdyGr"	"https://api.spotify.com/v1/tracks/7lUA4P03AhwAw40JHkdyGr"	"https://api.spotify.com/v1/audio-analysis/7lUA4P03AhwAw40JHkdyGr"	257653	4	68
"2"	"7cioKB5CHVzk09SOtTyn0T"	"Haunted"	0.436	0.534	1	-9.416	0	0.0773	0.103	0.00643	0.507	0.325	122.822	"audio_features"	"spotify:track:7cioKB5CHVzk09SOtTyn0T"	"https://api.spotify.com/v1/tracks/7cioKB5CHVzk09SOtTyn0T"	"https://api.spotify.com/v1/audio-analysis/7cioKB5CHVzk09SOtTyn0T"	369040	4	63
"3"	"6jG2YzhxptolDzLHTGLt7S"	"Drunk in Love"	0.589	0.621	5	-6.902	0	0.0468	0.00969	0.00104	0.181	0.401	140.03	"audio_features"	"spotify:track:6jG2YzhxptolDzLHTGLt7S"	"https://api.spotify.com/v1/tracks/6jG2YzhxptolDzLHTGLt7S"	"https://api.spotify.com/v1/audio-analysis/6jG2YzhxptolDzLHTGLt7S"	323480	4	75
"4"	"6wwrYruEgWlowPDZMq5116"	"Blow"	0.875	0.434	0	-7.683	1	0.091	0.242	0.00146	0.234	0.777	120.065	"audio_features"	"spotify:track:6wwrYruEgWlowPDZMq5116"	"https://api.spotify.com/v1/tracks/6wwrYruEgWlowPDZMq5116"	"https://api.spotify.com/v1/audio-analysis/6wwrYruEgWlowPDZMq5116"	309720	4	60
"5"	"4DActPOAtak2m8meZeMt3B"	"No Angel"	0.571	0.466	9	-9.153	0	0.173	0.0424	0.00262	0.125	0.512	111.58	"audio_features"	"spotify:track:4DActPOAtak2m8meZeMt3B"	"https://api.spotify.com/v1/tracks/4DActPOAtak2m8meZeMt3B"	"https://api.spotify.com/v1/audio-analysis/4DActPOAtak2m8meZeMt3B"	228693	1	56
"6"	"5hgnY0mVcVetszbb85qeDg"	"Partition"	0.412	0.441	11	-11.523	0	0.291	0.0296	0.0726	0.306	0.174	185.571	"audio_features"	"spotify:track:5hgnY0mVcVetszbb85qeDg"	"https://api.spotify.com/v1/tracks/5hgnY0mVcVetszbb85qeDg"	"https://api.spotify.com/v1/audio-analysis/5hgnY0mVcVetszbb85qeDg"	319467	4	72
"7"	"63wKtmUg754umO8SglEL79"	"Jealous"	0.589	0.541	8	-10.087	1	0.163	0.122	0.00414	0.0882	0.236	133.97	"audio_features"	"spotify:track:63wKtmUg754umO8SglEL79"	"https://api.spotify.com/v1/tracks/63wKtmUg754umO8SglEL79"	"https://api.spotify.com/v1/audio-analysis/63wKtmUg754umO8SglEL79"	184013	4	59
"8"	"0755vnFQZLSgHHWbR1qCjY"	"Rocket"	0.495	0.403	1	-9.731	1	0.301	0.5	0	0.7	0.555	140.415	"audio_features"	"spotify:track:0755vnFQZLSgHHWbR1qCjY"	"https://api.spotify.com/v1/tracks/0755vnFQZLSgHHWbR1qCjY"	"https://api.spotify.com/v1/audio-analysis/0755vnFQZLSgHHWbR1qCjY"	391907	3	62
"9"	"63FrXif0Pdu4NAPvTh87mw"	"Mine"	0.557	0.428	5	-11.299	1	0.137	0.0673	0.0019	0.139	0.0996	103.009	"audio_features"	"spotify:track:63FrXif0Pdu4NAPvTh87mw"	"https://api.spotify.com/v1/tracks/63FrXif0Pdu4NAPvTh87mw"	"https://api.spotify.com/v1/audio-analysis/63FrXif0Pdu4NAPvTh87mw"	378600	4	62
"10"	"40xhyfAPDoMtv494MfPevP"	"XO"	0.47	0.792	0	-8.932	1	0.26	0.171	1.28e-06	0.313	0.214	170.085	"audio_features"	"spotify:track:40xhyfAPDoMtv494MfPevP"	"https://api.spotify.com/v1/tracks/40xhyfAPDoMtv494MfPevP"	"https://api.spotify.com/v1/audio-analysis/40xhyfAPDoMtv494MfPevP"	215947	4	67
"11"	"7tefUew2RUuSAqHyegMoY1"	"***Flawless"	0.476	0.688	1	-7.799	1	0.245	0.0953	0.000645	0.438	0.352	140.553	"audio_features"	"spotify:track:7tefUew2RUuSAqHyegMoY1"	"https://api.spotify.com/v1/tracks/7tefUew2RUuSAqHyegMoY1"	"https://api.spotify.com/v1/audio-analysis/7tefUew2RUuSAqHyegMoY1"	250960	4	65
"12"	"49sXkAcR5LvOrtq5Qcn5cf"	"Superpower"	0.527	0.334	0	-11.54	1	0.0681	0.643	0	0.114	0.186	80.334	"audio_features"	"spotify:track:49sXkAcR5LvOrtq5Qcn5cf"	"https://api.spotify.com/v1/tracks/49sXkAcR5LvOrtq5Qcn5cf"	"https://api.spotify.com/v1/audio-analysis/49sXkAcR5LvOrtq5Qcn5cf"	276560	3	60
"13"	"0fYwfZcgijhIOyXn0RVPwq"	"Heaven"	0.342	0.188	6	-12.688	0	0.033	0.573	0.017	0.108	0.0388	102.601	"audio_features"	"spotify:track:0fYwfZcgijhIOyXn0RVPwq"	"https://api.spotify.com/v1/tracks/0fYwfZcgijhIOyXn0RVPwq"	"https://api.spotify.com/v1/audio-analysis/0fYwfZcgijhIOyXn0RVPwq"	230893	4	58
"14"	"2LjkT4gu5wO4JdeEYl0fMY"	"Blue"	0.459	0.435	1	-10.139	1	0.064	0.541	6.51e-05	0.119	0.0631	90.567	"audio_features"	"spotify:track:2LjkT4gu5wO4JdeEYl0fMY"	"https://api.spotify.com/v1/tracks/2LjkT4gu5wO4JdeEYl0fMY"	"https://api.spotify.com/v1/audio-analysis/2LjkT4gu5wO4JdeEYl0fMY"	266920	4	57
"15"	"02M6vucOvmRfMxTXDUwRXu"	"7/11"	0.747	0.705	9	-5.137	0	0.126	0.0128	0	0.126	0.56	136.024	"audio_features"	"spotify:track:02M6vucOvmRfMxTXDUwRXu"	"https://api.spotify.com/v1/tracks/02M6vucOvmRfMxTXDUwRXu"	"https://api.spotify.com/v1/audio-analysis/02M6vucOvmRfMxTXDUwRXu"	213507	4	76
"16"	"0zVMzJ37VQNFUNvdxxat2E"	"Flawless Remix"	0.639	0.659	8	-7.273	1	0.215	0.241	8.33e-06	0.484	0.457	136.801	"audio_features"	"spotify:track:0zVMzJ37VQNFUNvdxxat2E"	"https://api.spotify.com/v1/tracks/0zVMzJ37VQNFUNvdxxat2E"	"https://api.spotify.com/v1/audio-analysis/0zVMzJ37VQNFUNvdxxat2E"	234413	4	69
"17"	"0FZmAvivvifvtN3pZScbw1"	"Drunk in Love Remix"	0.514	0.763	10	-3.58	0	0.052	0.161	0	0.118	0.474	139.748	"audio_features"	"spotify:track:0FZmAvivvifvtN3pZScbw1"	"https://api.spotify.com/v1/tracks/0FZmAvivvifvtN3pZScbw1"	"https://api.spotify.com/v1/audio-analysis/0FZmAvivvifvtN3pZScbw1"	395987	4	62
"18"	"2Z9Yid1RueNo2sHS9x4gdh"	"Ring Off"	0.732	0.763	0	-6.732	1	0.0729	0.0273	0	0.33	0.709	98.011	"audio_features"	"spotify:track:2Z9Yid1RueNo2sHS9x4gdh"	"https://api.spotify.com/v1/tracks/2Z9Yid1RueNo2sHS9x4gdh"	"https://api.spotify.com/v1/audio-analysis/2Z9Yid1RueNo2sHS9x4gdh"	180187	4	56
"19"	"0GjDYSp1bNyjggwPadwlyf"	"Blow Remix"	0.872	0.445	2	-7.631	0	0.0934	0.27	0.0012	0.345	0.763	120.024	"audio_features"	"spotify:track:0GjDYSp1bNyjggwPadwlyf"	"https://api.spotify.com/v1/tracks/0GjDYSp1bNyjggwPadwlyf"	"https://api.spotify.com/v1/audio-analysis/0GjDYSp1bNyjggwPadwlyf"	309747	4	51
"20"	"7jpSvCrFev9EBb5RSmoRTa"	"Standing on the Sun Remix"	0.354	0.808	0	-6.477	1	0.176	0.023	2.42e-05	0.259	0.397	195.956	"audio_features"	"spotify:track:7jpSvCrFev9EBb5RSmoRTa"	"https://api.spotify.com/v1/tracks/7jpSvCrFev9EBb5RSmoRTa"	"https://api.spotify.com/v1/audio-analysis/7jpSvCrFev9EBb5RSmoRTa"	273480	4	55
"21"	"3sCXW53g6Hy7QbjMgEMmb3"	"Pretty Hurts"	0.512	0.625	11	-6.764	1	0.0508	0.00308	0.000164	0.346	0.201	129.935	"audio_features"	"spotify:track:3sCXW53g6Hy7QbjMgEMmb3"	"https://api.spotify.com/v1/tracks/3sCXW53g6Hy7QbjMgEMmb3"	"https://api.spotify.com/v1/audio-analysis/3sCXW53g6Hy7QbjMgEMmb3"	257653	4	27
"22"	"38i54QBMW6MTrADD4yL7Gs"	"Haunted"	0.468	0.545	1	-9.419	0	0.0736	0.113	0.00653	0.507	0.296	122.278	"audio_features"	"spotify:track:38i54QBMW6MTrADD4yL7Gs"	"https://api.spotify.com/v1/tracks/38i54QBMW6MTrADD4yL7Gs"	"https://api.spotify.com/v1/audio-analysis/38i54QBMW6MTrADD4yL7Gs"	369040	4	27
"23"	"5yP6T2IC0ItqdQSxNq9lej"	"Drunk in Love"	0.591	0.609	5	-7.132	0	0.0471	0.00925	0.00159	0.217	0.392	140.006	"audio_features"	"spotify:track:5yP6T2IC0ItqdQSxNq9lej"	"https://api.spotify.com/v1/tracks/5yP6T2IC0ItqdQSxNq9lej"	"https://api.spotify.com/v1/audio-analysis/5yP6T2IC0ItqdQSxNq9lej"	323480	4	34
"24"	"1FcivAwiVyXKhVEsave5Qz"	"Blow"	0.875	0.434	0	-7.684	1	0.091	0.242	0.00146	0.266	0.776	120.068	"audio_features"	"spotify:track:1FcivAwiVyXKhVEsave5Qz"	"https://api.spotify.com/v1/tracks/1FcivAwiVyXKhVEsave5Qz"	"https://api.spotify.com/v1/audio-analysis/1FcivAwiVyXKhVEsave5Qz"	309720	4	25
"25"	"19hneDhzyuDW22LD9iycf3"	"No Angel"	0.571	0.466	9	-9.153	0	0.173	0.0424	0.00262	0.125	0.512	111.58	"audio_features"	"spotify:track:19hneDhzyuDW22LD9iycf3"	"https://api.spotify.com/v1/tracks/19hneDhzyuDW22LD9iycf3"	"https://api.spotify.com/v1/audio-analysis/19hneDhzyuDW22LD9iycf3"	228693	1	21
"26"	"4wXMexNGv2KJKrnoeDo23W"	"Partition"	0.447	0.439	11	-11.522	0	0.236	0.0275	0.0679	0.31	0.174	87.953	"audio_features"	"spotify:track:4wXMexNGv2KJKrnoeDo23W"	"https://api.spotify.com/v1/tracks/4wXMexNGv2KJKrnoeDo23W"	"https://api.spotify.com/v1/audio-analysis/4wXMexNGv2KJKrnoeDo23W"	319467	4	36
"27"	"4l2Z6G33ltLoP8HOGgwRFW"	"Jealous"	0.59	0.541	8	-10.087	1	0.151	0.122	0.00414	0.0878	0.237	133.929	"audio_features"	"spotify:track:4l2Z6G33ltLoP8HOGgwRFW"	"https://api.spotify.com/v1/tracks/4l2Z6G33ltLoP8HOGgwRFW"	"https://api.spotify.com/v1/audio-analysis/4l2Z6G33ltLoP8HOGgwRFW"	184013	4	24
"28"	"5tywB6S2sw6Zp0sWt4Y3sh"	"Rocket"	0.498	0.404	6	-9.749	1	0.296	0.495	0	0.797	0.556	140.419	"audio_features"	"spotify:track:5tywB6S2sw6Zp0sWt4Y3sh"	"https://api.spotify.com/v1/tracks/5tywB6S2sw6Zp0sWt4Y3sh"	"https://api.spotify.com/v1/audio-analysis/5tywB6S2sw6Zp0sWt4Y3sh"	391907	3	24
"29"	"40owR7p9BuUhtj5TkxYsGW"	"Mine"	0.556	0.425	2	-11.296	0	0.144	0.0744	0.00143	0.14	0.0959	103.012	"audio_features"	"spotify:track:40owR7p9BuUhtj5TkxYsGW"	"https://api.spotify.com/v1/tracks/40owR7p9BuUhtj5TkxYsGW"	"https://api.spotify.com/v1/audio-analysis/40owR7p9BuUhtj5TkxYsGW"	378600	4	29
"30"	"5BcsW5DguEDxVzSIDsQiz5"	"XO"	0.467	0.793	0	-8.932	1	0.26	0.171	1.28e-06	0.313	0.214	170.056	"audio_features"	"spotify:track:5BcsW5DguEDxVzSIDsQiz5"	"https://api.spotify.com/v1/tracks/5BcsW5DguEDxVzSIDsQiz5"	"https://api.spotify.com/v1/audio-analysis/5BcsW5DguEDxVzSIDsQiz5"	215947	4	29
"31"	"0duvkSGvP4THdpcG5GnO4l"	"***Flawless"	0.491	0.674	1	-7.881	1	0.243	0.0975	0.00132	0.43	0.333	136.832	"audio_features"	"spotify:track:0duvkSGvP4THdpcG5GnO4l"	"https://api.spotify.com/v1/tracks/0duvkSGvP4THdpcG5GnO4l"	"https://api.spotify.com/v1/audio-analysis/0duvkSGvP4THdpcG5GnO4l"	250960	4	28
"32"	"3YwhcJ5JZpwy5pf6ezqiDQ"	"Superpower"	0.527	0.334	0	-11.54	1	0.0681	0.643	0	0.114	0.186	80.334	"audio_features"	"spotify:track:3YwhcJ5JZpwy5pf6ezqiDQ"	"https://api.spotify.com/v1/tracks/3YwhcJ5JZpwy5pf6ezqiDQ"	"https://api.spotify.com/v1/audio-analysis/3YwhcJ5JZpwy5pf6ezqiDQ"	276560	3	23
"33"	"4EyZt9ZFsheuxR30wIqMHK"	"Heaven"	0.342	0.188	6	-12.688	0	0.033	0.573	0.017	0.108	0.0388	102.601	"audio_features"	"spotify:track:4EyZt9ZFsheuxR30wIqMHK"	"https://api.spotify.com/v1/tracks/4EyZt9ZFsheuxR30wIqMHK"	"https://api.spotify.com/v1/audio-analysis/4EyZt9ZFsheuxR30wIqMHK"	230893	4	22
"34"	"3eGNMcN8oBnSFNJst4t4Bv"	"Blue"	0.459	0.435	1	-10.139	1	0.064	0.541	6.51e-05	0.119	0.0631	90.567	"audio_features"	"spotify:track:3eGNMcN8oBnSFNJst4t4Bv"	"https://api.spotify.com/v1/tracks/3eGNMcN8oBnSFNJst4t4Bv"	"https://api.spotify.com/v1/audio-analysis/3eGNMcN8oBnSFNJst4t4Bv"	266920	4	22
"35"	"1A7QIlETJSCFXzyp3cSbak"	"7/11"	0.747	0.705	9	-5.137	0	0.126	0.0128	0	0.126	0.56	136.024	"audio_features"	"spotify:track:1A7QIlETJSCFXzyp3cSbak"	"https://api.spotify.com/v1/tracks/1A7QIlETJSCFXzyp3cSbak"	"https://api.spotify.com/v1/audio-analysis/1A7QIlETJSCFXzyp3cSbak"	213520	4	55
"36"	"7I2amOVnwKIZj0tXz6Lz3E"	"Flawless Remix"	0.645	0.656	8	-7.307	1	0.232	0.252	2.36e-05	0.575	0.418	136.825	"audio_features"	"spotify:track:7I2amOVnwKIZj0tXz6Lz3E"	"https://api.spotify.com/v1/tracks/7I2amOVnwKIZj0tXz6Lz3E"	"https://api.spotify.com/v1/audio-analysis/7I2amOVnwKIZj0tXz6Lz3E"	234667	4	34
"37"	"7kyfbFuB5mEu6nGi2hVqPA"	"Drunk in Love Remix"	0.475	0.76	10	-3.531	0	0.0569	0.149	0	0.119	0.491	139.672	"audio_features"	"spotify:track:7kyfbFuB5mEu6nGi2hVqPA"	"https://api.spotify.com/v1/tracks/7kyfbFuB5mEu6nGi2hVqPA"	"https://api.spotify.com/v1/audio-analysis/7kyfbFuB5mEu6nGi2hVqPA"	395973	4	31
"38"	"3trQMXWrZfkYJBvNYQp8ep"	"Ring Off"	0.731	0.764	0	-6.705	1	0.0711	0.0292	0	0.357	0.689	98.028	"audio_features"	"spotify:track:3trQMXWrZfkYJBvNYQp8ep"	"https://api.spotify.com/v1/tracks/3trQMXWrZfkYJBvNYQp8ep"	"https://api.spotify.com/v1/audio-analysis/3trQMXWrZfkYJBvNYQp8ep"	180173	4	21
"39"	"62vMWMmuntk9CvjkWN3fEF"	"Blow Remix"	0.875	0.446	2	-7.631	0	0.082	0.279	0.000728	0.268	0.784	120.034	"audio_features"	"spotify:track:62vMWMmuntk9CvjkWN3fEF"	"https://api.spotify.com/v1/tracks/62vMWMmuntk9CvjkWN3fEF"	"https://api.spotify.com/v1/audio-analysis/62vMWMmuntk9CvjkWN3fEF"	309747	4	18
"40"	"1enSJRQc1T8PBEke5IWGwi"	"Standing on the Sun Remix"	0.456	0.816	0	-6.45	1	0.0844	0.018	1.4e-05	0.275	0.4	124.979	"audio_features"	"spotify:track:1enSJRQc1T8PBEke5IWGwi"	"https://api.spotify.com/v1/tracks/1enSJRQc1T8PBEke5IWGwi"	"https://api.spotify.com/v1/audio-analysis/1enSJRQc1T8PBEke5IWGwi"	273453	5	23
"41"	"1z6WtY7X4HQJvzxC4UgkSf"	"Love On Top"	0.652	0.748	0	-5.242	1	0.0887	0.0849	0	0.604	0.652	94.1	"audio_features"	"spotify:track:1z6WtY7X4HQJvzxC4UgkSf"	"https://api.spotify.com/v1/tracks/1z6WtY7X4HQJvzxC4UgkSf"	"https://api.spotify.com/v1/audio-analysis/1z6WtY7X4HQJvzxC4UgkSf"	267413	4	77
"42"	"42qh86p7TLXyumxSHn65kc"	"Party"	0.648	0.593	10	-6.267	1	0.0506	0.0188	0	0.169	0.712	160.979	"audio_features"	"spotify:track:42qh86p7TLXyumxSHn65kc"	"https://api.spotify.com/v1/tracks/42qh86p7TLXyumxSHn65kc"	"https://api.spotify.com/v1/audio-analysis/42qh86p7TLXyumxSHn65kc"	245480	4	62
"43"	"6JoIs4XLvBgjZOkKnyuPPv"	"Schoolin' Life"	0.799	0.715	4	-5.481	1	0.0822	0.0289	0	0.339	0.551	124.04	"audio_features"	"spotify:track:6JoIs4XLvBgjZOkKnyuPPv"	"https://api.spotify.com/v1/tracks/6JoIs4XLvBgjZOkKnyuPPv"	"https://api.spotify.com/v1/audio-analysis/6JoIs4XLvBgjZOkKnyuPPv"	293133	4	57
"44"	"3axkNosdVQLZiq1HakuGhc"	"Countdown"	0.665	0.787	5	-5.73	1	0.151	0.308	0	0.219	0.699	167.349	"audio_features"	"spotify:track:3axkNosdVQLZiq1HakuGhc"	"https://api.spotify.com/v1/tracks/3axkNosdVQLZiq1HakuGhc"	"https://api.spotify.com/v1/audio-analysis/3axkNosdVQLZiq1HakuGhc"	212147	4	66
"45"	"6Vv9wMxIc6OKRluQefy441"	"I Miss You"	0.718	0.523	6	-7.181	1	0.199	0.352	0.00314	0.0909	0.835	167.963	"audio_features"	"spotify:track:6Vv9wMxIc6OKRluQefy441"	"https://api.spotify.com/v1/tracks/6Vv9wMxIc6OKRluQefy441"	"https://api.spotify.com/v1/audio-analysis/6Vv9wMxIc6OKRluQefy441"	179067	4	57
"46"	"7cvkXf3AwPGT041PyOi5VX"	"Dance for You"	0.616	0.78	2	-6.062	1	0.0623	0.0322	0	0.173	0.471	110.005	"audio_features"	"spotify:track:7cvkXf3AwPGT041PyOi5VX"	"https://api.spotify.com/v1/tracks/7cvkXf3AwPGT041PyOi5VX"	"https://api.spotify.com/v1/audio-analysis/7cvkXf3AwPGT041PyOi5VX"	377467	4	67
"47"	"76KTeba6u3LfBL4EsCZaTe"	"I Care"	0.371	0.84	0	-6.021	1	0.292	0.284	4.79e-06	0.135	0.228	86.934	"audio_features"	"spotify:track:76KTeba6u3LfBL4EsCZaTe"	"https://api.spotify.com/v1/tracks/76KTeba6u3LfBL4EsCZaTe"	"https://api.spotify.com/v1/audio-analysis/76KTeba6u3LfBL4EsCZaTe"	239467	4	58
"48"	"7msV2z3y899aSVTithAkFn"	"Rather Die Young"	0.628	0.665	4	-6.626	1	0.112	0.158	0.00278	0.177	0.447	72.032	"audio_features"	"spotify:track:7msV2z3y899aSVTithAkFn"	"https://api.spotify.com/v1/tracks/7msV2z3y899aSVTithAkFn"	"https://api.spotify.com/v1/audio-analysis/7msV2z3y899aSVTithAkFn"	222480	4	51
"49"	"1pzJboOZaDNwshBnOlNh3a"	"1+1"	0.303	0.384	6	-7.342	1	0.0339	0.381	5.14e-06	0.0661	0.261	63.345	"audio_features"	"spotify:track:1pzJboOZaDNwshBnOlNh3a"	"https://api.spotify.com/v1/tracks/1pzJboOZaDNwshBnOlNh3a"	"https://api.spotify.com/v1/audio-analysis/1pzJboOZaDNwshBnOlNh3a"	273880	5	62
"50"	"3FPUFltTjg6ClUL2wr9ux6"	"End of Time"	0.711	0.811	6	-7.503	0	0.219	0.0328	0.000517	0.0649	0.785	117.999	"audio_features"	"spotify:track:3FPUFltTjg6ClUL2wr9ux6"	"https://api.spotify.com/v1/tracks/3FPUFltTjg6ClUL2wr9ux6"	"https://api.spotify.com/v1/audio-analysis/3FPUFltTjg6ClUL2wr9ux6"	223987	4	66
"51"	"1uXbwHHfgsXcUKfSZw5ZJ0"	"Run the World (Girls)"	0.733	0.899	0	-4.237	1	0.143	0.00496	4.72e-05	0.372	0.76	127.086	"audio_features"	"spotify:track:1uXbwHHfgsXcUKfSZw5ZJ0"	"https://api.spotify.com/v1/tracks/1uXbwHHfgsXcUKfSZw5ZJ0"	"https://api.spotify.com/v1/audio-analysis/1uXbwHHfgsXcUKfSZw5ZJ0"	236093	4	77
"52"	"3lBRNqXjPp2j3JMTCXDTNO"	"Best Thing I Never Had"	0.545	0.649	6	-4.062	1	0.0324	0.143	1.57e-05	0.0894	0.297	99.099	"audio_features"	"spotify:track:3lBRNqXjPp2j3JMTCXDTNO"	"https://api.spotify.com/v1/tracks/3lBRNqXjPp2j3JMTCXDTNO"	"https://api.spotify.com/v1/audio-analysis/3lBRNqXjPp2j3JMTCXDTNO"	253747	4	73
"53"	"6QFgpUiLoXlmYDjbe0tjyP"	"Start Over"	0.474	0.797	6	-4.541	0	0.191	0.193	6.2e-06	0.322	0.398	150.006	"audio_features"	"spotify:track:6QFgpUiLoXlmYDjbe0tjyP"	"https://api.spotify.com/v1/tracks/6QFgpUiLoXlmYDjbe0tjyP"	"https://api.spotify.com/v1/audio-analysis/6QFgpUiLoXlmYDjbe0tjyP"	199107	4	53
"54"	"64Tp4KN5U5rtqrasP5a7FH"	"I Was Here"	0.51	0.627	7	-6.59	1	0.0336	0.431	0	0.0927	0.234	110.992	"audio_features"	"spotify:track:64Tp4KN5U5rtqrasP5a7FH"	"https://api.spotify.com/v1/tracks/64Tp4KN5U5rtqrasP5a7FH"	"https://api.spotify.com/v1/audio-analysis/64Tp4KN5U5rtqrasP5a7FH"	239213	3	63
"55"	"4R6shoat9nBe6KpTCouvox"	"Intro - Live"	0.352	0.655	0	-10.571	1	0.0736	6.63e-05	0.806	0.659	0.0852	148.045	"audio_features"	"spotify:track:4R6shoat9nBe6KpTCouvox"	"https://api.spotify.com/v1/tracks/4R6shoat9nBe6KpTCouvox"	"https://api.spotify.com/v1/audio-analysis/4R6shoat9nBe6KpTCouvox"	71867	4	41
"56"	"1DJfcWfj5dSIzksFpnRr3S"	"Crazy In Love - Live"	0.562	0.967	9	-4.919	0	0.271	0.0496	7.37e-05	0.953	0.268	99.13	"audio_features"	"spotify:track:1DJfcWfj5dSIzksFpnRr3S"	"https://api.spotify.com/v1/tracks/1DJfcWfj5dSIzksFpnRr3S"	"https://api.spotify.com/v1/audio-analysis/1DJfcWfj5dSIzksFpnRr3S"	323733	4	52
"57"	"3ORyn13n4NOuo1Gx8jIPhO"	"Naughty Girl - Live"	0.591	0.79	6	-7.864	0	0.0956	0.0488	0.000922	0.417	0.245	99.946	"audio_features"	"spotify:track:3ORyn13n4NOuo1Gx8jIPhO"	"https://api.spotify.com/v1/tracks/3ORyn13n4NOuo1Gx8jIPhO"	"https://api.spotify.com/v1/audio-analysis/3ORyn13n4NOuo1Gx8jIPhO"	154027	4	46
"58"	"0FIKess6SMftejiZDw5XhA"	"Freakum Dress - Live"	0.429	0.967	7	-5.08	1	0.309	0.000279	0.00215	0.933	0.184	99.027	"audio_features"	"spotify:track:0FIKess6SMftejiZDw5XhA"	"https://api.spotify.com/v1/tracks/0FIKess6SMftejiZDw5XhA"	"https://api.spotify.com/v1/audio-analysis/0FIKess6SMftejiZDw5XhA"	190987	4	44
"59"	"7oLAYmZqSPChQxJLUTqG6D"	"Get Me Bodied - Live"	0.556	0.945	3	-5.756	1	0.52	0.141	0.000146	0.347	0.184	96.618	"audio_features"	"spotify:track:7oLAYmZqSPChQxJLUTqG6D"	"https://api.spotify.com/v1/tracks/7oLAYmZqSPChQxJLUTqG6D"	"https://api.spotify.com/v1/audio-analysis/7oLAYmZqSPChQxJLUTqG6D"	149627	4	47
"60"	"4p3yAhuwfXZFrHMbdax5tw"	"Smash Into You - Live"	0.524	0.691	1	-7.99	1	0.0332	0.0196	0.00668	0.939	0.208	94.982	"audio_features"	"spotify:track:4p3yAhuwfXZFrHMbdax5tw"	"https://api.spotify.com/v1/tracks/4p3yAhuwfXZFrHMbdax5tw"	"https://api.spotify.com/v1/audio-analysis/4p3yAhuwfXZFrHMbdax5tw"	231933	4	44
"61"	"2JZw2tZLsXWkcfiOsiJgPH"	"Ave Maria - Live"	0.275	0.449	0	-10.563	1	0.0335	0.613	4.25e-05	0.857	0.0784	104.838	"audio_features"	"spotify:track:2JZw2tZLsXWkcfiOsiJgPH"	"https://api.spotify.com/v1/tracks/2JZw2tZLsXWkcfiOsiJgPH"	"https://api.spotify.com/v1/audio-analysis/2JZw2tZLsXWkcfiOsiJgPH"	255440	3	42
"62"	"3EL1uxOAV1BFiWd9ZwKOVX"	"Broken-Hearted Girl - Live"	0.297	0.596	5	-7.308	1	0.21	0.537	5.85e-06	0.971	0.15	169.502	"audio_features"	"spotify:track:3EL1uxOAV1BFiWd9ZwKOVX"	"https://api.spotify.com/v1/tracks/3EL1uxOAV1BFiWd9ZwKOVX"	"https://api.spotify.com/v1/audio-analysis/3EL1uxOAV1BFiWd9ZwKOVX"	192480	4	45
"63"	"3IaTbEhNpnXtFNoIOUEmDr"	"If I Were A Boy / You Oughta Know - Live"	0.306	0.945	6	-5.32	1	0.424	0.0131	0.0272	0.892	0.157	100.105	"audio_features"	"spotify:track:3IaTbEhNpnXtFNoIOUEmDr"	"https://api.spotify.com/v1/tracks/3IaTbEhNpnXtFNoIOUEmDr"	"https://api.spotify.com/v1/audio-analysis/3IaTbEhNpnXtFNoIOUEmDr"	316773	4	47
"64"	"1szpCmZZQemziInTY8EXpH"	"Diva - Live"	0.601	0.939	11	-7.323	0	0.309	0.00252	0.00431	0.289	0.337	146.248	"audio_features"	"spotify:track:1szpCmZZQemziInTY8EXpH"	"https://api.spotify.com/v1/tracks/1szpCmZZQemziInTY8EXpH"	"https://api.spotify.com/v1/audio-analysis/1szpCmZZQemziInTY8EXpH"	179893	4	45
"65"	"76EPVr1eI3zM4S2HZ684Nw"	"Radio - Live"	0.509	0.739	1	-6.124	1	0.287	0.0577	1.69e-06	0.904	0.353	135.995	"audio_features"	"spotify:track:76EPVr1eI3zM4S2HZ684Nw"	"https://api.spotify.com/v1/tracks/76EPVr1eI3zM4S2HZ684Nw"	"https://api.spotify.com/v1/audio-analysis/76EPVr1eI3zM4S2HZ684Nw"	123600	4	41
"66"	"7psZtgEwG20HDigY0BLKOx"	"Ego (feat. Kanye West) - feat. Kanye West - Live"	0.476	0.844	1	-7.971	1	0.659	0.367	2.68e-06	0.867	0.603	83.132	"audio_features"	"spotify:track:7psZtgEwG20HDigY0BLKOx"	"https://api.spotify.com/v1/tracks/7psZtgEwG20HDigY0BLKOx"	"https://api.spotify.com/v1/audio-analysis/7psZtgEwG20HDigY0BLKOx"	114907	4	44
"67"	"7uo8Xea7OGqbnWmnhoduhL"	"Hello - Live"	0.426	0.903	6	-6.175	1	0.236	0.0547	2.4e-06	0.924	0.534	129.117	"audio_features"	"spotify:track:7uo8Xea7OGqbnWmnhoduhL"	"https://api.spotify.com/v1/tracks/7uo8Xea7OGqbnWmnhoduhL"	"https://api.spotify.com/v1/audio-analysis/7uo8Xea7OGqbnWmnhoduhL"	217467	4	44
"68"	"1souRQnZaUmfncdjgUsy1D"	"Baby Boy - Live"	0.473	0.84	1	-8.271	1	0.313	0.0307	0.0199	0.475	0.217	91.13	"audio_features"	"spotify:track:1souRQnZaUmfncdjgUsy1D"	"https://api.spotify.com/v1/tracks/1souRQnZaUmfncdjgUsy1D"	"https://api.spotify.com/v1/audio-analysis/1souRQnZaUmfncdjgUsy1D"	129613	4	44
"69"	"3oSIGp7CRv3nulpX1owHVR"	"You Don't Love Me, No No No - Live"	0.395	0.592	10	-10.841	1	0.0443	0.00778	0.0348	0.816	0.314	144.848	"audio_features"	"spotify:track:3oSIGp7CRv3nulpX1owHVR"	"https://api.spotify.com/v1/tracks/3oSIGp7CRv3nulpX1owHVR"	"https://api.spotify.com/v1/audio-analysis/3oSIGp7CRv3nulpX1owHVR"	108627	4	43
"70"	"6QNQwlvwsZSVx6ZfxLyYOi"	"Irreplaceable - Live"	0.304	0.921	11	-8.559	0	0.79	0.0346	2.38e-06	0.983	0.266	88.515	"audio_features"	"spotify:track:6QNQwlvwsZSVx6ZfxLyYOi"	"https://api.spotify.com/v1/tracks/6QNQwlvwsZSVx6ZfxLyYOi"	"https://api.spotify.com/v1/audio-analysis/6QNQwlvwsZSVx6ZfxLyYOi"	304107	4	47
"71"	"6chmIekFMDwd85b4NYhy46"	"Check On It - Live"	0.399	0.741	2	-8.987	1	0.484	0.235	0.0245	0.413	0.267	83.213	"audio_features"	"spotify:track:6chmIekFMDwd85b4NYhy46"	"https://api.spotify.com/v1/tracks/6chmIekFMDwd85b4NYhy46"	"https://api.spotify.com/v1/audio-analysis/6chmIekFMDwd85b4NYhy46"	128640	3	45
"72"	"0Ytf40sbSHd0LMcxm8Yjfm"	"Bootylicious - Live"	0.542	0.878	1	-8.096	1	0.297	0.0064	0	0.859	0.438	103.293	"audio_features"	"spotify:track:0Ytf40sbSHd0LMcxm8Yjfm"	"https://api.spotify.com/v1/tracks/0Ytf40sbSHd0LMcxm8Yjfm"	"https://api.spotify.com/v1/audio-analysis/0Ytf40sbSHd0LMcxm8Yjfm"	50773	4	43
"73"	"3AEhT2SoXzXpP2UpeyAyb5"	"Upgrade U - Live"	0.565	0.807	7	-7.988	1	0.293	0.00102	0.21	0.971	0.334	84.937	"audio_features"	"spotify:track:3AEhT2SoXzXpP2UpeyAyb5"	"https://api.spotify.com/v1/tracks/3AEhT2SoXzXpP2UpeyAyb5"	"https://api.spotify.com/v1/audio-analysis/3AEhT2SoXzXpP2UpeyAyb5"	135867	4	45
"74"	"4dLxRtTl1VVcB7qq1iHzVG"	"Say My Name - Live"	0.503	0.871	8	-6.659	1	0.404	0.306	0	0.823	0.448	137.164	"audio_features"	"spotify:track:4dLxRtTl1VVcB7qq1iHzVG"	"https://api.spotify.com/v1/tracks/4dLxRtTl1VVcB7qq1iHzVG"	"https://api.spotify.com/v1/audio-analysis/4dLxRtTl1VVcB7qq1iHzVG"	139893	4	46
"75"	"41N6nyybHwTKKES7engoiR"	"At Last - Live"	0.143	0.315	2	-12.587	0	0.0368	0.306	0.00888	0.916	0.255	75.195	"audio_features"	"spotify:track:41N6nyybHwTKKES7engoiR"	"https://api.spotify.com/v1/tracks/41N6nyybHwTKKES7engoiR"	"https://api.spotify.com/v1/audio-analysis/41N6nyybHwTKKES7engoiR"	179960	3	41
"76"	"4OuVVcw3PV6tg0f7N6bARL"	"Listen (From the Motion Picture \"Dreamgirls\") - Live"	0.358	0.641	9	-8.823	1	0.0752	0.193	4.55e-05	0.763	0.171	124.061	"audio_features"	"spotify:track:4OuVVcw3PV6tg0f7N6bARL"	"https://api.spotify.com/v1/tracks/4OuVVcw3PV6tg0f7N6bARL"	"https://api.spotify.com/v1/audio-analysis/4OuVVcw3PV6tg0f7N6bARL"	202160	4	44
"77"	"0656Ba4hb119dMJkx7zJ3N"	"Single Ladies (Put a Ring on It) - Live"	0.628	0.894	11	-5.448	0	0.137	0.018	3.52e-05	0.922	0.198	97.083	"audio_features"	"spotify:track:0656Ba4hb119dMJkx7zJ3N"	"https://api.spotify.com/v1/tracks/0656Ba4hb119dMJkx7zJ3N"	"https://api.spotify.com/v1/audio-analysis/0656Ba4hb119dMJkx7zJ3N"	262920	4	46
"78"	"2laS6W8SYTUbBJsq6HbYNE"	"Halo - Live"	0.261	0.913	1	-5.795	1	0.433	0.0352	0.000241	0.863	0.217	143.024	"audio_features"	"spotify:track:2laS6W8SYTUbBJsq6HbYNE"	"https://api.spotify.com/v1/tracks/2laS6W8SYTUbBJsq6HbYNE"	"https://api.spotify.com/v1/audio-analysis/2laS6W8SYTUbBJsq6HbYNE"	391893	4	46
"79"	"5w18AsEMHsvH5ECzYm5lhI"	"Outro - Live"	0.326	0.975	10	-5.784	0	0.233	0.000703	0.051	0.815	0.22	155.075	"audio_features"	"spotify:track:5w18AsEMHsvH5ECzYm5lhI"	"https://api.spotify.com/v1/tracks/5w18AsEMHsvH5ECzYm5lhI"	"https://api.spotify.com/v1/audio-analysis/5w18AsEMHsvH5ECzYm5lhI"	118653	4	37
"80"	"3F0kKIk7COCKuI1GF8FORH"	"If I Were a Boy - Maurice Joshua Mojo UK Remix - Main"	0.712	0.828	1	-7.108	1	0.0418	0.00323	0.115	0.0264	0.885	125.999	"audio_features"	"spotify:track:3F0kKIk7COCKuI1GF8FORH"	"https://api.spotify.com/v1/tracks/3F0kKIk7COCKuI1GF8FORH"	"https://api.spotify.com/v1/audio-analysis/3F0kKIk7COCKuI1GF8FORH"	387080	4	27
"81"	"5JBO0K69Vk2a15zEGhz1vg"	"Single Ladies (Put a Ring on It) - DJ Escape & Tony Coluccio Remix - Club Version"	0.796	0.92	6	-5.638	0	0.0873	0.00241	0.923	0.0243	0.783	128.005	"audio_features"	"spotify:track:5JBO0K69Vk2a15zEGhz1vg"	"https://api.spotify.com/v1/tracks/5JBO0K69Vk2a15zEGhz1vg"	"https://api.spotify.com/v1/audio-analysis/5JBO0K69Vk2a15zEGhz1vg"	413827	4	31
"82"	"7rrgYBKsqrluXOfaGhZfEF"	"Diva - Karmatronic Club Remix"	0.846	0.629	8	-7.355	0	0.0658	0.00327	0.00223	0.0655	0.622	131.997	"audio_features"	"spotify:track:7rrgYBKsqrluXOfaGhZfEF"	"https://api.spotify.com/v1/tracks/7rrgYBKsqrluXOfaGhZfEF"	"https://api.spotify.com/v1/audio-analysis/7rrgYBKsqrluXOfaGhZfEF"	305947	4	32
"83"	"06oGczLASkQq5PFVhn7v2V"	"Halo - Dave Aud√© Club Remix"	0.802	0.702	11	-6.601	0	0.0616	0.0147	0.653	0.0162	0.851	128.008	"audio_features"	"spotify:track:06oGczLASkQq5PFVhn7v2V"	"https://api.spotify.com/v1/tracks/06oGczLASkQq5PFVhn7v2V"	"https://api.spotify.com/v1/audio-analysis/06oGczLASkQq5PFVhn7v2V"	533293	4	28
"84"	"1gt62xikWxR5hZoQ9rhWhD"	"Broken-Hearted Girl - Catalyst Remix"	0.372	0.751	0	-6.694	1	0.257	0.0846	8.02e-06	0.122	0.0813	168.247	"audio_features"	"spotify:track:1gt62xikWxR5hZoQ9rhWhD"	"https://api.spotify.com/v1/tracks/1gt62xikWxR5hZoQ9rhWhD"	"https://api.spotify.com/v1/audio-analysis/1gt62xikWxR5hZoQ9rhWhD"	285640	4	23
"85"	"0VCZ8tS4za4kEwJHbMNVnY"	"Ego - OK DAC Club Remix"	0.846	0.683	10	-6.148	0	0.0654	0.0452	1.74e-05	0.0583	0.613	122.988	"audio_features"	"spotify:track:0VCZ8tS4za4kEwJHbMNVnY"	"https://api.spotify.com/v1/tracks/0VCZ8tS4za4kEwJHbMNVnY"	"https://api.spotify.com/v1/audio-analysis/0VCZ8tS4za4kEwJHbMNVnY"	387320	4	26
"86"	"5Dsf6dRMYhyq3JxHzjDUGb"	"Sweet Dreams - Harlan Pepper & AG III Remix"	0.772	0.863	11	-6.35	1	0.0423	0.00202	0.487	0.331	0.774	126.995	"audio_features"	"spotify:track:5Dsf6dRMYhyq3JxHzjDUGb"	"https://api.spotify.com/v1/tracks/5Dsf6dRMYhyq3JxHzjDUGb"	"https://api.spotify.com/v1/audio-analysis/5Dsf6dRMYhyq3JxHzjDUGb"	401960	4	32
"87"	"1tta4aktfa50BLaCttgl1T"	"Ego - Remix"	0.574	0.421	1	-5.443	1	0.174	0.0989	0	0.0568	0.341	78.781	"audio_features"	"spotify:track:1tta4aktfa50BLaCttgl1T"	"https://api.spotify.com/v1/tracks/1tta4aktfa50BLaCttgl1T"	"https://api.spotify.com/v1/audio-analysis/1tta4aktfa50BLaCttgl1T"	283933	4	44
"88"	"26NX1wPt1TRCH536yocd6i"	"If I Were a Boy"	0.632	0.518	6	-6.126	1	0.0313	0.107	0	0.354	0.427	90.007	"audio_features"	"spotify:track:26NX1wPt1TRCH536yocd6i"	"https://api.spotify.com/v1/tracks/26NX1wPt1TRCH536yocd6i"	"https://api.spotify.com/v1/audio-analysis/26NX1wPt1TRCH536yocd6i"	249147	4	70
"89"	"3ERa3mEeOnrh2Mc47qM6T1"	"Halo"	0.508	0.72	11	-5.908	0	0.0628	0.272	0	0.0563	0.472	79.983	"audio_features"	"spotify:track:3ERa3mEeOnrh2Mc47qM6T1"	"https://api.spotify.com/v1/tracks/3ERa3mEeOnrh2Mc47qM6T1"	"https://api.spotify.com/v1/audio-analysis/3ERa3mEeOnrh2Mc47qM6T1"	261640	4	64
"90"	"03LDjOt38LwvM9choMGGWU"	"Disappear"	0.492	0.348	5	-10.676	1	0.0301	0.128	0	0.326	0.206	78.412	"audio_features"	"spotify:track:03LDjOt38LwvM9choMGGWU"	"https://api.spotify.com/v1/tracks/03LDjOt38LwvM9choMGGWU"	"https://api.spotify.com/v1/audio-analysis/03LDjOt38LwvM9choMGGWU"	267453	4	49
"91"	"31acMiV67UgKn1ScFChFxo"	"Broken-Hearted Girl"	0.336	0.424	5	-7.203	1	0.0353	0.503	0	0.273	0.159	82.149	"audio_features"	"spotify:track:31acMiV67UgKn1ScFChFxo"	"https://api.spotify.com/v1/tracks/31acMiV67UgKn1ScFChFxo"	"https://api.spotify.com/v1/audio-analysis/31acMiV67UgKn1ScFChFxo"	277627	4	64
"92"	"1j9HwUMSkRUeVFRWlHcFsy"	"Ave Maria"	0.35	0.403	0	-9.57	1	0.0279	0.786	0	0.12	0.201	104.957	"audio_features"	"spotify:track:1j9HwUMSkRUeVFRWlHcFsy"	"https://api.spotify.com/v1/tracks/1j9HwUMSkRUeVFRWlHcFsy"	"https://api.spotify.com/v1/audio-analysis/1j9HwUMSkRUeVFRWlHcFsy"	221653	3	53
"93"	"3vi85V6MSvFs0j720UxoAF"	"Smash Into You"	0.572	0.429	1	-8.974	1	0.0271	0.192	0	0.263	0.103	95.068	"audio_features"	"spotify:track:3vi85V6MSvFs0j720UxoAF"	"https://api.spotify.com/v1/tracks/3vi85V6MSvFs0j720UxoAF"	"https://api.spotify.com/v1/audio-analysis/3vi85V6MSvFs0j720UxoAF"	271613	4	51
"94"	"2UBZCxvghc6M635BEKjHZe"	"Satellites"	0.384	0.153	7	-14.55	1	0.0324	0.729	0	0.116	0.282	109.859	"audio_features"	"spotify:track:2UBZCxvghc6M635BEKjHZe"	"https://api.spotify.com/v1/tracks/2UBZCxvghc6M635BEKjHZe"	"https://api.spotify.com/v1/audio-analysis/2UBZCxvghc6M635BEKjHZe"	186827	4	43
"95"	"22yMWV37oR5GTuP6XMummO"	"That's Why You're Beautiful"	0.549	0.628	2	-7.45	1	0.0309	0.00908	2.06e-05	0.128	0.102	115.036	"audio_features"	"spotify:track:22yMWV37oR5GTuP6XMummO"	"https://api.spotify.com/v1/tracks/22yMWV37oR5GTuP6XMummO"	"https://api.spotify.com/v1/audio-analysis/22yMWV37oR5GTuP6XMummO"	221467	4	42
"96"	"2ZBNclC5wm4GtiWaeh0DMx"	"Single Ladies (Put a Ring on It)"	0.426	0.584	1	-5.293	1	0.296	0.0383	0	0.188	0.272	193.437	"audio_features"	"spotify:track:2ZBNclC5wm4GtiWaeh0DMx"	"https://api.spotify.com/v1/tracks/2ZBNclC5wm4GtiWaeh0DMx"	"https://api.spotify.com/v1/audio-analysis/2ZBNclC5wm4GtiWaeh0DMx"	193213	4	63
"97"	"1l0LovwzqV3leLDHOz7zJ6"	"Radio"	0.605	0.763	1	-5.949	1	0.0775	0.129	2.41e-06	0.0839	0.553	135.771	"audio_features"	"spotify:track:1l0LovwzqV3leLDHOz7zJ6"	"https://api.spotify.com/v1/tracks/1l0LovwzqV3leLDHOz7zJ6"	"https://api.spotify.com/v1/audio-analysis/1l0LovwzqV3leLDHOz7zJ6"	218787	4	46
"98"	"5Ssv6DaKrW0HczVqx6zXdl"	"Diva"	0.875	0.551	6	-6.744	0	0.317	0.0488	0.00728	0.0537	0.861	146.092	"audio_features"	"spotify:track:5Ssv6DaKrW0HczVqx6zXdl"	"https://api.spotify.com/v1/tracks/5Ssv6DaKrW0HczVqx6zXdl"	"https://api.spotify.com/v1/audio-analysis/5Ssv6DaKrW0HczVqx6zXdl"	200613	4	63
"99"	"1FKxKGONukVFXWVJxAKmlz"	"Sweet Dreams"	0.694	0.825	1	-5.986	1	0.111	0.0895	1.86e-05	0.0618	0.788	121.949	"audio_features"	"spotify:track:1FKxKGONukVFXWVJxAKmlz"	"https://api.spotify.com/v1/tracks/1FKxKGONukVFXWVJxAKmlz"	"https://api.spotify.com/v1/audio-analysis/1FKxKGONukVFXWVJxAKmlz"	208067	4	63
"100"	"53hNzjDClsnsdYpLIwqXvn"	"Video Phone"	0.479	0.763	8	-8.954	1	0.178	0.00242	0.0353	0.383	0.608	84.769	"audio_features"	"spotify:track:53hNzjDClsnsdYpLIwqXvn"	"https://api.spotify.com/v1/tracks/53hNzjDClsnsdYpLIwqXvn"	"https://api.spotify.com/v1/audio-analysis/53hNzjDClsnsdYpLIwqXvn"	215440	4	52
"101"	"3ID5lLzkh4uM8XPUuB2VKq"	"Hello"	0.33	0.769	6	-5.755	1	0.17	0.206	1.54e-06	0.143	0.416	97.515	"audio_features"	"spotify:track:3ID5lLzkh4uM8XPUuB2VKq"	"https://api.spotify.com/v1/tracks/3ID5lLzkh4uM8XPUuB2VKq"	"https://api.spotify.com/v1/audio-analysis/3ID5lLzkh4uM8XPUuB2VKq"	256533	3	50
"102"	"6GcuA4J9ruyClBizBd4m5E"	"Ego"	0.623	0.389	1	-7.816	1	0.241	0.155	0	0.163	0.489	79.454	"audio_features"	"spotify:track:6GcuA4J9ruyClBizBd4m5E"	"https://api.spotify.com/v1/tracks/6GcuA4J9ruyClBizBd4m5E"	"https://api.spotify.com/v1/audio-analysis/6GcuA4J9ruyClBizBd4m5E"	236360	4	59
"103"	"5m3MMqREtffhno6KLdpnDI"	"Scared of Lonely"	0.534	0.575	1	-6.706	1	0.0519	0.0546	0	0.131	0.205	86.961	"audio_features"	"spotify:track:5m3MMqREtffhno6KLdpnDI"	"https://api.spotify.com/v1/tracks/5m3MMqREtffhno6KLdpnDI"	"https://api.spotify.com/v1/audio-analysis/5m3MMqREtffhno6KLdpnDI"	222920	4	49
"104"	"2jppsxdHlNHz9eK0QyYlTq"	"If I Were a Boy"	0.632	0.518	6	-6.126	1	0.0313	0.107	0	0.354	0.427	90.007	"audio_features"	"spotify:track:2jppsxdHlNHz9eK0QyYlTq"	"https://api.spotify.com/v1/tracks/2jppsxdHlNHz9eK0QyYlTq"	"https://api.spotify.com/v1/audio-analysis/2jppsxdHlNHz9eK0QyYlTq"	249147	4	67
"105"	"4JehYebiI9JE8sR8MisGVb"	"Halo"	0.508	0.72	11	-5.908	0	0.0628	0.272	0	0.0563	0.472	79.983	"audio_features"	"spotify:track:4JehYebiI9JE8sR8MisGVb"	"https://api.spotify.com/v1/tracks/4JehYebiI9JE8sR8MisGVb"	"https://api.spotify.com/v1/audio-analysis/4JehYebiI9JE8sR8MisGVb"	261640	4	80
"106"	"0etbeacNEukXXNPOlXzZmu"	"Disappear"	0.492	0.348	5	-10.676	1	0.0301	0.128	0	0.326	0.206	78.412	"audio_features"	"spotify:track:0etbeacNEukXXNPOlXzZmu"	"https://api.spotify.com/v1/tracks/0etbeacNEukXXNPOlXzZmu"	"https://api.spotify.com/v1/audio-analysis/0etbeacNEukXXNPOlXzZmu"	267453	4	42
"107"	"2doPWT8oXQp4eHAQ3uqL0k"	"Broken-Hearted Girl"	0.336	0.424	5	-7.203	1	0.0353	0.503	0	0.273	0.159	82.149	"audio_features"	"spotify:track:2doPWT8oXQp4eHAQ3uqL0k"	"https://api.spotify.com/v1/tracks/2doPWT8oXQp4eHAQ3uqL0k"	"https://api.spotify.com/v1/audio-analysis/2doPWT8oXQp4eHAQ3uqL0k"	277627	4	42
"108"	"3Ya6w5IL4lBLeQEsWmTuQi"	"Ave Maria"	0.35	0.403	0	-9.57	1	0.0279	0.786	0	0.114	0.201	104.957	"audio_features"	"spotify:track:3Ya6w5IL4lBLeQEsWmTuQi"	"https://api.spotify.com/v1/tracks/3Ya6w5IL4lBLeQEsWmTuQi"	"https://api.spotify.com/v1/audio-analysis/3Ya6w5IL4lBLeQEsWmTuQi"	222160	3	39
"109"	"1bGgq4kd7w6mt8UPgiMxJM"	"Satellites"	0.204	0.15	7	-14.558	1	0.0349	0.719	0	0.105	0.279	64.639	"audio_features"	"spotify:track:1bGgq4kd7w6mt8UPgiMxJM"	"https://api.spotify.com/v1/tracks/1bGgq4kd7w6mt8UPgiMxJM"	"https://api.spotify.com/v1/audio-analysis/1bGgq4kd7w6mt8UPgiMxJM"	187027	4	34
"110"	"5R9a4t5t5O0IsznsrKPVro"	"Single Ladies (Put a Ring on It)"	0.426	0.584	1	-5.293	1	0.296	0.0383	0	0.188	0.272	193.437	"audio_features"	"spotify:track:5R9a4t5t5O0IsznsrKPVro"	"https://api.spotify.com/v1/tracks/5R9a4t5t5O0IsznsrKPVro"	"https://api.spotify.com/v1/audio-analysis/5R9a4t5t5O0IsznsrKPVro"	193213	4	73
"111"	"3MMxrirNKK3QurUkMYvjio"	"Radio"	0.605	0.763	1	-5.949	1	0.0775	0.129	2.41e-06	0.0839	0.553	135.771	"audio_features"	"spotify:track:3MMxrirNKK3QurUkMYvjio"	"https://api.spotify.com/v1/tracks/3MMxrirNKK3QurUkMYvjio"	"https://api.spotify.com/v1/audio-analysis/3MMxrirNKK3QurUkMYvjio"	218787	4	36
"112"	"1CxebLetK1dLJvRXlgHGXg"	"Diva"	0.875	0.551	6	-6.744	0	0.317	0.0488	0.00728	0.0537	0.861	146.092	"audio_features"	"spotify:track:1CxebLetK1dLJvRXlgHGXg"	"https://api.spotify.com/v1/tracks/1CxebLetK1dLJvRXlgHGXg"	"https://api.spotify.com/v1/audio-analysis/1CxebLetK1dLJvRXlgHGXg"	200613	4	42
"113"	"3WFswNYDLfjj9Cg0Y1sNyW"	"Sweet Dreams"	0.694	0.825	1	-5.986	1	0.111	0.0895	1.86e-05	0.0618	0.788	121.949	"audio_features"	"spotify:track:3WFswNYDLfjj9Cg0Y1sNyW"	"https://api.spotify.com/v1/tracks/3WFswNYDLfjj9Cg0Y1sNyW"	"https://api.spotify.com/v1/audio-analysis/3WFswNYDLfjj9Cg0Y1sNyW"	208067	4	46
"114"	"24MZzerdK36evh50yAdC4W"	"Video Phone"	0.479	0.763	8	-8.954	1	0.178	0.00242	0.0353	0.369	0.608	84.769	"audio_features"	"spotify:track:24MZzerdK36evh50yAdC4W"	"https://api.spotify.com/v1/tracks/24MZzerdK36evh50yAdC4W"	"https://api.spotify.com/v1/audio-analysis/24MZzerdK36evh50yAdC4W"	215493	4	36
"115"	"2HWWNoWEEEECwZhAiLg7ib"	"Beautiful Liar"	0.764	0.751	8	-3.74	1	0.0703	0.00554	0.000237	0.164	0.418	91.977	"audio_features"	"spotify:track:2HWWNoWEEEECwZhAiLg7ib"	"https://api.spotify.com/v1/tracks/2HWWNoWEEEECwZhAiLg7ib"	"https://api.spotify.com/v1/audio-analysis/2HWWNoWEEEECwZhAiLg7ib"	199853	4	63
"116"	"6RX5iL93VZ5fKmyvNXvF1r"	"Irreplaceable"	0.447	0.694	7	-4.637	0	0.382	0.0293	5.46e-06	0.167	0.509	175.868	"audio_features"	"spotify:track:6RX5iL93VZ5fKmyvNXvF1r"	"https://api.spotify.com/v1/tracks/6RX5iL93VZ5fKmyvNXvF1r"	"https://api.spotify.com/v1/audio-analysis/6RX5iL93VZ5fKmyvNXvF1r"	227853	4	76
"117"	"3JdDBUiZ1UJv7J7RQqxEFF"	"Green Light"	0.796	0.572	10	-7.019	0	0.0634	0.0682	7.82e-06	0.135	0.726	107.045	"audio_features"	"spotify:track:3JdDBUiZ1UJv7J7RQqxEFF"	"https://api.spotify.com/v1/tracks/3JdDBUiZ1UJv7J7RQqxEFF"	"https://api.spotify.com/v1/audio-analysis/3JdDBUiZ1UJv7J7RQqxEFF"	210240	4	51
"118"	"7sk73N1SgNZweS3ozl3NXs"	"Kitty Kat"	0.814	0.384	1	-7.953	1	0.292	0.0516	0.00305	0.0968	0.537	157.992	"audio_features"	"spotify:track:7sk73N1SgNZweS3ozl3NXs"	"https://api.spotify.com/v1/tracks/7sk73N1SgNZweS3ozl3NXs"	"https://api.spotify.com/v1/audio-analysis/7sk73N1SgNZweS3ozl3NXs"	235680	4	48
"119"	"1ouHuqrpM2NlyOSoQqZvSP"	"Welcome To Hollywood (feat. Jay-Z)"	0.807	0.784	7	-4.866	1	0.236	0.0118	0.000124	0.315	0.78	124.821	"audio_features"	"spotify:track:1ouHuqrpM2NlyOSoQqZvSP"	"https://api.spotify.com/v1/tracks/1ouHuqrpM2NlyOSoQqZvSP"	"https://api.spotify.com/v1/audio-analysis/1ouHuqrpM2NlyOSoQqZvSP"	198280	4	43
"120"	"0GLUBbX4daHJkT3RQHEOia"	"Upgrade U"	0.593	0.68	7	-5.556	1	0.335	0.00182	4.84e-05	0.31	0.483	84.547	"audio_features"	"spotify:track:0GLUBbX4daHJkT3RQHEOia"	"https://api.spotify.com/v1/tracks/0GLUBbX4daHJkT3RQHEOia"	"https://api.spotify.com/v1/audio-analysis/0GLUBbX4daHJkT3RQHEOia"	273053	4	63
"121"	"30Z84zKyyx3Hn2Af8OdwaR"	"Flaws and All"	0.664	0.701	1	-7.718	1	0.0967	0.234	0.00117	0.0646	0.625	151.947	"audio_features"	"spotify:track:30Z84zKyyx3Hn2Af8OdwaR"	"https://api.spotify.com/v1/tracks/30Z84zKyyx3Hn2Af8OdwaR"	"https://api.spotify.com/v1/audio-analysis/30Z84zKyyx3Hn2Af8OdwaR"	248853	4	47
"122"	"2if8i85YH1WAVbOCM5cFuo"	"World Wide Woman"	0.485	0.827	11	-3.707	0	0.177	0.144	0	0.116	0.196	92.161	"audio_features"	"spotify:track:2if8i85YH1WAVbOCM5cFuo"	"https://api.spotify.com/v1/tracks/2if8i85YH1WAVbOCM5cFuo"	"https://api.spotify.com/v1/audio-analysis/2if8i85YH1WAVbOCM5cFuo"	222013	4	40
"123"	"3W1mdCYUHWewrVXnRsPntM"	"Get Me Bodied - Extended Mix"	0.925	0.728	1	-6.82	1	0.254	0.00408	0	0.207	0.667	96.54	"audio_features"	"spotify:track:3W1mdCYUHWewrVXnRsPntM"	"https://api.spotify.com/v1/tracks/3W1mdCYUHWewrVXnRsPntM"	"https://api.spotify.com/v1/audio-analysis/3W1mdCYUHWewrVXnRsPntM"	379120	4	51
"124"	"7ybhptDcHnLW7EtUNr87Uf"	"If"	0.47	0.476	8	-8.825	1	0.0371	0.248	0	0.106	0.298	94.922	"audio_features"	"spotify:track:7ybhptDcHnLW7EtUNr87Uf"	"https://api.spotify.com/v1/tracks/7ybhptDcHnLW7EtUNr87Uf"	"https://api.spotify.com/v1/audio-analysis/7ybhptDcHnLW7EtUNr87Uf"	198280	4	41
"125"	"5XM8AjUuP4uEWZ9XGGYLFk"	"Freakum Dress"	0.681	0.715	1	-5.148	1	0.0638	0.0039	5.04e-05	0.0569	0.459	98.96	"audio_features"	"spotify:track:5XM8AjUuP4uEWZ9XGGYLFk"	"https://api.spotify.com/v1/tracks/5XM8AjUuP4uEWZ9XGGYLFk"	"https://api.spotify.com/v1/audio-analysis/5XM8AjUuP4uEWZ9XGGYLFk"	201200	4	50
"126"	"68thzKPaW0pzn5IxcCJd8O"	"Suga Mama"	0.691	0.931	9	-4.037	0	0.265	0.212	0.000118	0.34	0.573	93.852	"audio_features"	"spotify:track:68thzKPaW0pzn5IxcCJd8O"	"https://api.spotify.com/v1/tracks/68thzKPaW0pzn5IxcCJd8O"	"https://api.spotify.com/v1/audio-analysis/68thzKPaW0pzn5IxcCJd8O"	205973	4	43
"127"	"423EcxblW9F4nnQkqcqMlK"	"Deja Vu (feat. Jay-Z)"	0.644	0.746	7	-4.941	1	0.341	0.0071	1.22e-05	0.0743	0.355	105.253	"audio_features"	"spotify:track:423EcxblW9F4nnQkqcqMlK"	"https://api.spotify.com/v1/tracks/423EcxblW9F4nnQkqcqMlK"	"https://api.spotify.com/v1/audio-analysis/423EcxblW9F4nnQkqcqMlK"	240280	4	61
"128"	"5BkHkyO9PFXs1m7vSMnXp4"	"Ring The Alarm"	0.458	0.751	2	-8.395	1	0.469	0.0299	0.000155	0.258	0.48	169.673	"audio_features"	"spotify:track:5BkHkyO9PFXs1m7vSMnXp4"	"https://api.spotify.com/v1/tracks/5BkHkyO9PFXs1m7vSMnXp4"	"https://api.spotify.com/v1/audio-analysis/5BkHkyO9PFXs1m7vSMnXp4"	203347	4	53
"129"	"6p3RSoc1B77D6sJT4vtVZ4"	"Resentment"	0.29	0.574	6	-5.387	1	0.112	0.6	0	0.149	0.48	197.431	"audio_features"	"spotify:track:6p3RSoc1B77D6sJT4vtVZ4"	"https://api.spotify.com/v1/tracks/6p3RSoc1B77D6sJT4vtVZ4"	"https://api.spotify.com/v1/audio-analysis/6p3RSoc1B77D6sJT4vtVZ4"	282360	3	51
"130"	"4z7Ja0RNran3XpIvc1PIQz"	"Listen (From the Motion Picture \"Dreamgirls\")"	0.432	0.637	11	-3.905	1	0.0475	0.416	0	0.113	0.187	122.394	"audio_features"	"spotify:track:4z7Ja0RNran3XpIvc1PIQz"	"https://api.spotify.com/v1/tracks/4z7Ja0RNran3XpIvc1PIQz"	"https://api.spotify.com/v1/audio-analysis/4z7Ja0RNran3XpIvc1PIQz"	219547	4	61
"131"	"1Kd5Qj9kicqjCw1BjWRzH0"	"Amor Gitano"	0.491	0.745	4	-5.631	0	0.254	0.473	0	0.239	0.596	167.875	"audio_features"	"spotify:track:1Kd5Qj9kicqjCw1BjWRzH0"	"https://api.spotify.com/v1/tracks/1Kd5Qj9kicqjCw1BjWRzH0"	"https://api.spotify.com/v1/audio-analysis/1Kd5Qj9kicqjCw1BjWRzH0"	228413	4	52
"132"	"5b65LF6kBoxmkPN4Lz5mmF"	"Listen (Oye) - Spanish Version"	0.548	0.638	11	-3.115	1	0.0435	0.588	0	0.101	0.141	122.868	"audio_features"	"spotify:track:5b65LF6kBoxmkPN4Lz5mmF"	"https://api.spotify.com/v1/tracks/5b65LF6kBoxmkPN4Lz5mmF"	"https://api.spotify.com/v1/audio-analysis/5b65LF6kBoxmkPN4Lz5mmF"	221200	4	42
"133"	"1BKTisxMw0p2l55xvMWkpo"	"Irreplaceable (Irreemplazable) - Spanish version"	0.627	0.705	10	-3.539	1	0.231	0.0941	6.61e-06	0.178	0.615	175.861	"audio_features"	"spotify:track:1BKTisxMw0p2l55xvMWkpo"	"https://api.spotify.com/v1/tracks/1BKTisxMw0p2l55xvMWkpo"	"https://api.spotify.com/v1/audio-analysis/1BKTisxMw0p2l55xvMWkpo"	227667	4	41
"134"	"4Ao5ZHafrPDOIFcjMd1dER"	"Beautiful Liar (Bello Embustero) - Spanish Version"	0.646	0.806	7	-4.495	1	0.135	0.0997	1.26e-06	0.258	0.513	91.962	"audio_features"	"spotify:track:4Ao5ZHafrPDOIFcjMd1dER"	"https://api.spotify.com/v1/tracks/4Ao5ZHafrPDOIFcjMd1dER"	"https://api.spotify.com/v1/audio-analysis/4Ao5ZHafrPDOIFcjMd1dER"	200813	4	36
"135"	"16F7nHePq2Bs62DIPS2IIZ"	"Beautiful Liar - Remix"	0.763	0.761	7	-3.794	1	0.0544	0.0063	8.31e-05	0.287	0.487	91.977	"audio_features"	"spotify:track:16F7nHePq2Bs62DIPS2IIZ"	"https://api.spotify.com/v1/tracks/16F7nHePq2Bs62DIPS2IIZ"	"https://api.spotify.com/v1/audio-analysis/16F7nHePq2Bs62DIPS2IIZ"	180520	4	40
"136"	"3VGOzKd0mi1YZ34sdNZS2W"	"Beautiful Liar (feat. Sasha) - Spanglish Version"	0.694	0.726	7	-5.13	1	0.042	0.0034	0.00373	0.0801	0.57	92.015	"audio_features"	"spotify:track:3VGOzKd0mi1YZ34sdNZS2W"	"https://api.spotify.com/v1/tracks/3VGOzKd0mi1YZ34sdNZS2W"	"https://api.spotify.com/v1/audio-analysis/3VGOzKd0mi1YZ34sdNZS2W"	199427	4	35
"137"	"3DGXHKCey74H4o2s8r8DWX"	"Irreplaceable (Irreemplazable) - Nortena Remix"	0.511	0.808	10	-4.09	1	0.139	0.15	1.03e-06	0.232	0.845	176.042	"audio_features"	"spotify:track:3DGXHKCey74H4o2s8r8DWX"	"https://api.spotify.com/v1/tracks/3DGXHKCey74H4o2s8r8DWX"	"https://api.spotify.com/v1/audio-analysis/3DGXHKCey74H4o2s8r8DWX"	230747	4	31
"138"	"6qymeQKm9QcbBS9v48KjQN"	"Deja Vu"	0.763	0.728	7	-4.944	1	0.326	0.00677	1.22e-05	0.0915	0.362	105.923	"audio_features"	"spotify:track:6qymeQKm9QcbBS9v48KjQN"	"https://api.spotify.com/v1/tracks/6qymeQKm9QcbBS9v48KjQN"	"https://api.spotify.com/v1/audio-analysis/6qymeQKm9QcbBS9v48KjQN"	239960	4	28
"139"	"6KNBRgjkkly5mepsUKnozx"	"Get Me Bodied"	0.865	0.829	0	-6.981	0	0.315	0.0673	0	0.253	0.651	96.511	"audio_features"	"spotify:track:6KNBRgjkkly5mepsUKnozx"	"https://api.spotify.com/v1/tracks/6KNBRgjkkly5mepsUKnozx"	"https://api.spotify.com/v1/audio-analysis/6KNBRgjkkly5mepsUKnozx"	205813	4	32
"140"	"17cn6gAZvIVJ6xUKDPJe9t"	"Suga Mama"	0.682	0.939	9	-4.054	0	0.284	0.226	0.000315	0.346	0.615	93.81	"audio_features"	"spotify:track:17cn6gAZvIVJ6xUKDPJe9t"	"https://api.spotify.com/v1/tracks/17cn6gAZvIVJ6xUKDPJe9t"	"https://api.spotify.com/v1/audio-analysis/17cn6gAZvIVJ6xUKDPJe9t"	204813	4	19
"141"	"0Qy29UD0PZ2iTQkcvZpAz0"	"Upgrade U"	0.474	0.683	7	-5.585	1	0.397	0.00161	0.000123	0.309	0.509	169.51	"audio_features"	"spotify:track:0Qy29UD0PZ2iTQkcvZpAz0"	"https://api.spotify.com/v1/tracks/0Qy29UD0PZ2iTQkcvZpAz0"	"https://api.spotify.com/v1/audio-analysis/0Qy29UD0PZ2iTQkcvZpAz0"	272707	4	34
"142"	"2r54Q4cPB244tgjMGD4ETK"	"Ring The Alarm"	0.456	0.742	2	-8.39	1	0.481	0.0534	0.000223	0.0837	0.428	168.507	"audio_features"	"spotify:track:2r54Q4cPB244tgjMGD4ETK"	"https://api.spotify.com/v1/tracks/2r54Q4cPB244tgjMGD4ETK"	"https://api.spotify.com/v1/audio-analysis/2r54Q4cPB244tgjMGD4ETK"	203200	4	28
"143"	"0gd5I8DTm1NNSCz38wfneA"	"Kitty Kat"	0.81	0.386	1	-7.846	1	0.311	0.0529	0.00944	0.0969	0.506	157.919	"audio_features"	"spotify:track:0gd5I8DTm1NNSCz38wfneA"	"https://api.spotify.com/v1/tracks/0gd5I8DTm1NNSCz38wfneA"	"https://api.spotify.com/v1/audio-analysis/0gd5I8DTm1NNSCz38wfneA"	235387	4	22
"144"	"5DMrnsI0grbRlHPAN3GeZD"	"Freakum Dress"	0.683	0.703	1	-5.154	1	0.0585	0.0043	1.49e-05	0.0599	0.378	98.953	"audio_features"	"spotify:track:5DMrnsI0grbRlHPAN3GeZD"	"https://api.spotify.com/v1/tracks/5DMrnsI0grbRlHPAN3GeZD"	"https://api.spotify.com/v1/audio-analysis/5DMrnsI0grbRlHPAN3GeZD"	200533	4	24
"145"	"7weB4Yt6v2BeQGVp06uoic"	"Green Light"	0.796	0.568	10	-7.071	0	0.0631	0.0833	1.11e-05	0.256	0.729	107.034	"audio_features"	"spotify:track:7weB4Yt6v2BeQGVp06uoic"	"https://api.spotify.com/v1/tracks/7weB4Yt6v2BeQGVp06uoic"	"https://api.spotify.com/v1/audio-analysis/7weB4Yt6v2BeQGVp06uoic"	209107	4	21
"146"	"0ZsSyC5Rq3BOdgLearDGJA"	"Irreplaceable"	0.576	0.697	10	-4.192	1	0.326	0.0286	1.15e-06	0.167	0.501	175.906	"audio_features"	"spotify:track:0ZsSyC5Rq3BOdgLearDGJA"	"https://api.spotify.com/v1/tracks/0ZsSyC5Rq3BOdgLearDGJA"	"https://api.spotify.com/v1/audio-analysis/0ZsSyC5Rq3BOdgLearDGJA"	227667	4	32
"147"	"3hhuDXEWOmgT7MALmNiwoO"	"Resentment"	0.378	0.565	6	-5.388	1	0.0493	0.648	0	0.13	0.482	102.131	"audio_features"	"spotify:track:3hhuDXEWOmgT7MALmNiwoO"	"https://api.spotify.com/v1/tracks/3hhuDXEWOmgT7MALmNiwoO"	"https://api.spotify.com/v1/audio-analysis/3hhuDXEWOmgT7MALmNiwoO"	280693	3	29
"148"	"2M16xKUgNTgi8W3Cpv18M2"	"Encore For The Fans"	0.706	0.0193	0	-27.631	0	0.648	0.143	0	0.136	0.68	108.161	"audio_features"	"spotify:track:2M16xKUgNTgi8W3Cpv18M2"	"https://api.spotify.com/v1/tracks/2M16xKUgNTgi8W3Cpv18M2"	"https://api.spotify.com/v1/audio-analysis/2M16xKUgNTgi8W3Cpv18M2"	39880	4	14
"149"	"6eGytG2iMzPpr2atFUV5xQ"	"Listen (From the Motion Picture \"Dreamgirls\")"	0.483	0.59	11	-5.228	1	0.0453	0.273	0	0.177	0.202	122.658	"audio_features"	"spotify:track:6eGytG2iMzPpr2atFUV5xQ"	"https://api.spotify.com/v1/tracks/6eGytG2iMzPpr2atFUV5xQ"	"https://api.spotify.com/v1/audio-analysis/6eGytG2iMzPpr2atFUV5xQ"	217787	4	43
"150"	"7IB3ERQNk34fox0cYhM4U5"	"Get Me Bodied - Extended Mix"	0.911	0.727	10	-7.067	0	0.26	0.0106	0	0.122	0.69	96.521	"audio_features"	"spotify:track:7IB3ERQNk34fox0cYhM4U5"	"https://api.spotify.com/v1/tracks/7IB3ERQNk34fox0cYhM4U5"	"https://api.spotify.com/v1/audio-analysis/7IB3ERQNk34fox0cYhM4U5"	359560	4	29
"151"	"2MAyGB3UgAbbT1Fjc7b7aA"	"Deja Vu"	0.763	0.728	7	-4.944	1	0.326	0.00677	1.22e-05	0.0915	0.362	105.923	"audio_features"	"spotify:track:2MAyGB3UgAbbT1Fjc7b7aA"	"https://api.spotify.com/v1/tracks/2MAyGB3UgAbbT1Fjc7b7aA"	"https://api.spotify.com/v1/audio-analysis/2MAyGB3UgAbbT1Fjc7b7aA"	239960	4	50
"152"	"6fmeXejj4CNkAQ78yao7oE"	"Get Me Bodied"	0.865	0.829	0	-6.981	0	0.315	0.0673	0	0.253	0.651	96.511	"audio_features"	"spotify:track:6fmeXejj4CNkAQ78yao7oE"	"https://api.spotify.com/v1/tracks/6fmeXejj4CNkAQ78yao7oE"	"https://api.spotify.com/v1/audio-analysis/6fmeXejj4CNkAQ78yao7oE"	205813	4	52
"153"	"7hrrhtzmyTcULmNlYlcxJO"	"Suga Mama"	0.682	0.939	9	-4.054	0	0.284	0.226	0.000315	0.346	0.615	93.81	"audio_features"	"spotify:track:7hrrhtzmyTcULmNlYlcxJO"	"https://api.spotify.com/v1/tracks/7hrrhtzmyTcULmNlYlcxJO"	"https://api.spotify.com/v1/audio-analysis/7hrrhtzmyTcULmNlYlcxJO"	204813	4	40
"154"	"6V1nOgkrGmr6Wx1x4RQ6Bc"	"Upgrade U"	0.474	0.683	7	-5.585	1	0.397	0.00161	0.000123	0.309	0.509	169.51	"audio_features"	"spotify:track:6V1nOgkrGmr6Wx1x4RQ6Bc"	"https://api.spotify.com/v1/tracks/6V1nOgkrGmr6Wx1x4RQ6Bc"	"https://api.spotify.com/v1/audio-analysis/6V1nOgkrGmr6Wx1x4RQ6Bc"	272707	4	53
"155"	"63THThIOBNIl93zs8JuAfk"	"Ring The Alarm"	0.456	0.742	2	-8.39	1	0.481	0.0534	0.000223	0.0837	0.428	168.507	"audio_features"	"spotify:track:63THThIOBNIl93zs8JuAfk"	"https://api.spotify.com/v1/tracks/63THThIOBNIl93zs8JuAfk"	"https://api.spotify.com/v1/audio-analysis/63THThIOBNIl93zs8JuAfk"	203200	4	47
"156"	"5UhR5ud9gS6n0PgzsjZmQd"	"Kitty Kat"	0.81	0.386	1	-7.846	1	0.311	0.0529	0.00944	0.0969	0.506	157.919	"audio_features"	"spotify:track:5UhR5ud9gS6n0PgzsjZmQd"	"https://api.spotify.com/v1/tracks/5UhR5ud9gS6n0PgzsjZmQd"	"https://api.spotify.com/v1/audio-analysis/5UhR5ud9gS6n0PgzsjZmQd"	235387	4	44
"157"	"3IAyQMTYOsspp9p1htFSak"	"Freakum Dress"	0.683	0.703	1	-5.154	1	0.0585	0.0043	1.49e-05	0.0599	0.378	98.953	"audio_features"	"spotify:track:3IAyQMTYOsspp9p1htFSak"	"https://api.spotify.com/v1/tracks/3IAyQMTYOsspp9p1htFSak"	"https://api.spotify.com/v1/audio-analysis/3IAyQMTYOsspp9p1htFSak"	200533	4	47
"158"	"5fJZwKCPUicgfqkmh1R8ES"	"Green Light"	0.796	0.568	10	-7.071	0	0.0631	0.0833	1.11e-05	0.256	0.729	107.034	"audio_features"	"spotify:track:5fJZwKCPUicgfqkmh1R8ES"	"https://api.spotify.com/v1/tracks/5fJZwKCPUicgfqkmh1R8ES"	"https://api.spotify.com/v1/audio-analysis/5fJZwKCPUicgfqkmh1R8ES"	209107	4	42
"159"	"1G7DcLzPnopdZjLkev0K4e"	"Irreplaceable"	0.576	0.697	10	-4.192	1	0.326	0.0286	1.15e-06	0.167	0.501	175.906	"audio_features"	"spotify:track:1G7DcLzPnopdZjLkev0K4e"	"https://api.spotify.com/v1/tracks/1G7DcLzPnopdZjLkev0K4e"	"https://api.spotify.com/v1/audio-analysis/1G7DcLzPnopdZjLkev0K4e"	227667	4	64
"160"	"7zt3bDTgxn03ZfV9xHqOs5"	"Resentment"	0.378	0.565	6	-5.388	1	0.0493	0.648	0	0.13	0.482	102.131	"audio_features"	"spotify:track:7zt3bDTgxn03ZfV9xHqOs5"	"https://api.spotify.com/v1/tracks/7zt3bDTgxn03ZfV9xHqOs5"	"https://api.spotify.com/v1/audio-analysis/7zt3bDTgxn03ZfV9xHqOs5"	280693	3	43
"161"	"2RWxrpsFshOBFwRBRstUlQ"	"Check On It - feat. Bun B and Slim Thug"	0.705	0.796	7	-6.845	1	0.267	0.0708	0	0.388	0.864	166.042	"audio_features"	"spotify:track:2RWxrpsFshOBFwRBRstUlQ"	"https://api.spotify.com/v1/tracks/2RWxrpsFshOBFwRBRstUlQ"	"https://api.spotify.com/v1/audio-analysis/2RWxrpsFshOBFwRBRstUlQ"	210453	4	57
"162"	"5IVuqXILoxVWvWEPm82Jxr"	"Crazy In Love"	0.646	0.77	2	-6.596	0	0.226	0.00249	0	0.0715	0.681	99.165	"audio_features"	"spotify:track:5IVuqXILoxVWvWEPm82Jxr"	"https://api.spotify.com/v1/tracks/5IVuqXILoxVWvWEPm82Jxr"	"https://api.spotify.com/v1/audio-analysis/5IVuqXILoxVWvWEPm82Jxr"	236133	4	78
"163"	"0YGQ3hZcRLC5YX7o0hdmHg"	"Naughty Girl"	0.588	0.461	6	-8.686	0	0.161	0.237	1.54e-05	0.0913	0.659	200.053	"audio_features"	"spotify:track:0YGQ3hZcRLC5YX7o0hdmHg"	"https://api.spotify.com/v1/tracks/0YGQ3hZcRLC5YX7o0hdmHg"	"https://api.spotify.com/v1/audio-analysis/0YGQ3hZcRLC5YX7o0hdmHg"	208573	4	61
"164"	"4WY3HyGXsWqjFRCVD6gnTe"	"Baby Boy"	0.655	0.488	1	-9.17	1	0.22	0.0825	1.16e-06	0.221	0.791	91.025	"audio_features"	"spotify:track:4WY3HyGXsWqjFRCVD6gnTe"	"https://api.spotify.com/v1/tracks/4WY3HyGXsWqjFRCVD6gnTe"	"https://api.spotify.com/v1/audio-analysis/4WY3HyGXsWqjFRCVD6gnTe"	244827	4	69
"165"	"5cl6rJmigUbx6cNrA3nV8z"	"Hip Hop Star (feat. Big Boi & Sleepy Brown)"	0.736	0.651	6	-8.933	1	0.124	0.00265	0.000238	0.0838	0.971	166.572	"audio_features"	"spotify:track:5cl6rJmigUbx6cNrA3nV8z"	"https://api.spotify.com/v1/tracks/5cl6rJmigUbx6cNrA3nV8z"	"https://api.spotify.com/v1/audio-analysis/5cl6rJmigUbx6cNrA3nV8z"	222600	3	40
"166"	"1qgNiHh7QoSgzoFZEPwPNm"	"Be With You"	0.711	0.454	0	-6.485	0	0.0904	0.125	2.15e-06	0.071	0.782	74.928	"audio_features"	"spotify:track:1qgNiHh7QoSgzoFZEPwPNm"	"https://api.spotify.com/v1/tracks/1qgNiHh7QoSgzoFZEPwPNm"	"https://api.spotify.com/v1/audio-analysis/1qgNiHh7QoSgzoFZEPwPNm"	260200	4	46
"167"	"6XsT5UGfpaFeHQf5LRIy4W"	"Me, Myself and I"	0.75	0.458	1	-9.092	1	0.0803	0.226	3.25e-05	0.137	0.536	83.61	"audio_features"	"spotify:track:6XsT5UGfpaFeHQf5LRIy4W"	"https://api.spotify.com/v1/tracks/6XsT5UGfpaFeHQf5LRIy4W"	"https://api.spotify.com/v1/audio-analysis/6XsT5UGfpaFeHQf5LRIy4W"	301133	4	68
"168"	"3m9641nehhPSAIEODgBqaW"	"Yes"	0.662	0.374	9	-11.19	1	0.34	0.114	3.59e-06	0.249	0.551	112.694	"audio_features"	"spotify:track:3m9641nehhPSAIEODgBqaW"	"https://api.spotify.com/v1/tracks/3m9641nehhPSAIEODgBqaW"	"https://api.spotify.com/v1/audio-analysis/3m9641nehhPSAIEODgBqaW"	259067	4	46
"169"	"3goUufQotOykzA3zLkPNyb"	"Signs (feat. Missy Elliott)"	0.447	0.395	7	-9.828	1	0.225	0.153	3.98e-06	0.133	0.411	76.758	"audio_features"	"spotify:track:3goUufQotOykzA3zLkPNyb"	"https://api.spotify.com/v1/tracks/3goUufQotOykzA3zLkPNyb"	"https://api.spotify.com/v1/audio-analysis/3goUufQotOykzA3zLkPNyb"	298200	3	46
"170"	"3V5I90jseccXcK4MGC1gqr"	"Speechless"	0.568	0.282	10	-10.225	1	0.0313	0.158	0.00258	0.182	0.103	112.708	"audio_features"	"spotify:track:3V5I90jseccXcK4MGC1gqr"	"https://api.spotify.com/v1/tracks/3V5I90jseccXcK4MGC1gqr"	"https://api.spotify.com/v1/audio-analysis/3V5I90jseccXcK4MGC1gqr"	360493	3	47
"171"	"68JTZDIYLoUwW4ibQZrM1X"	"That's How You Like It"	0.493	0.527	10	-9.752	1	0.33	0.167	0	0.288	0.697	103.451	"audio_features"	"spotify:track:68JTZDIYLoUwW4ibQZrM1X"	"https://api.spotify.com/v1/tracks/68JTZDIYLoUwW4ibQZrM1X"	"https://api.spotify.com/v1/audio-analysis/68JTZDIYLoUwW4ibQZrM1X"	219200	3	45
"172"	"5vagrguhKusDNKj179pu8R"	"The Closer I Get to You (feat. Beyonc√© Knowles)"	0.652	0.292	0	-9.603	0	0.0467	0.619	0	0.174	0.304	116.109	"audio_features"	"spotify:track:5vagrguhKusDNKj179pu8R"	"https://api.spotify.com/v1/tracks/5vagrguhKusDNKj179pu8R"	"https://api.spotify.com/v1/audio-analysis/5vagrguhKusDNKj179pu8R"	297733	4	52
"173"	"0KFuXEdOp5QfIfxHR6TJSm"	"Dangerously In Love"	0.609	0.407	6	-8.026	1	0.0808	0.345	0	0.19	0.459	99.982	"audio_features"	"spotify:track:0KFuXEdOp5QfIfxHR6TJSm"	"https://api.spotify.com/v1/tracks/0KFuXEdOp5QfIfxHR6TJSm"	"https://api.spotify.com/v1/audio-analysis/0KFuXEdOp5QfIfxHR6TJSm"	293133	4	61
"174"	"1cfE96qcUYYaSxz1S6Qh6i"	"Beyonc√© Interlude"	0.65	0.0452	0	-20.854	1	0.7	0.485	0	0.121	0.542	152.48	"audio_features"	"spotify:track:1cfE96qcUYYaSxz1S6Qh6i"	"https://api.spotify.com/v1/tracks/1cfE96qcUYYaSxz1S6Qh6i"	"https://api.spotify.com/v1/audio-analysis/1cfE96qcUYYaSxz1S6Qh6i"	16373	1	1
"175"	"6aa0HmJb38PLZw6Fc7BMId"	"Gift from Virgo"	0.388	0.265	11	-12.712	0	0.0499	0.901	0	0.194	0.32	137.24	"audio_features"	"spotify:track:6aa0HmJb38PLZw6Fc7BMId"	"https://api.spotify.com/v1/tracks/6aa0HmJb38PLZw6Fc7BMId"	"https://api.spotify.com/v1/audio-analysis/6aa0HmJb38PLZw6Fc7BMId"	163933	1	38
"176"	"5pv5vddJx34hzRT9wI0wK2"	"Daddy"	0.469	0.446	1	-9.237	0	0.0753	0.255	1.49e-05	0.182	0.448	123.46	"audio_features"	"spotify:track:5pv5vddJx34hzRT9wI0wK2"	"https://api.spotify.com/v1/tracks/5pv5vddJx34hzRT9wI0wK2"	"https://api.spotify.com/v1/audio-analysis/5pv5vddJx34hzRT9wI0wK2"	298333	4	41
